{
  "spacing": {
    "inner": {
      "xs": {
        "value": "{spacing.50}",
        "type": "spacing"
      },
      "sm": {
        "value": "{spacing.100}",
        "type": "spacing"
      },
      "lg": {
        "value": "{spacing.200}",
        "type": "spacing"
      },
      "xl": {
        "value": "{spacing.300}",
        "type": "spacing"
      },
      "xxl": {
        "value": "{spacing.400}",
        "type": "spacing"
      },
      "md": {
        "value": "{spacing.150}",
        "type": "spacing"
      }
    },
    "form": {
      "inline": {
        "value": "{spacing.150}",
        "type": "spacing"
      },
      "block": {
        "value": "{spacing.150}",
        "type": "spacing"
      },
      "gap": {
        "value": "{spacing.100}",
        "type": "spacing"
      },
      "inner": {
        "value": "{spacing.100}",
        "type": "spacing"
      }
    },
    "outer": {
      "xs": {
        "value": "{spacing.50}",
        "type": "spacing"
      },
      "sm": {
        "value": "{spacing.100}",
        "type": "spacing"
      },
      "md": {
        "value": "{spacing.150}",
        "type": "spacing"
      },
      "lg": {
        "value": "{spacing.200}",
        "type": "spacing"
      },
      "xl": {
        "value": "{spacing.300}",
        "type": "spacing"
      },
      "xxl": {
        "value": "{spacing.400}",
        "type": "spacing"
      }
    }
  }
}