{
  "color": {
    "background": {
      "default": {
        "value": "{color.neutrals.light.50}",
        "type": "color"
      },
      "subtle": {
        "value": "{color.neutrals.light.200}",
        "type": "color"
      },
      "strong": {
        "value": "{color.neutrals.light.400}",
        "type": "color"
      }
    },
    "text": {
      "default": {
        "value": "{color.neutrals.light.900}",
        "type": "color"
      },
      "subtle": {
        "value": "{color.neutrals.light.700}",
        "type": "color"
      },
      "informative": {
        "value": "{color.blues.light.600}",
        "type": "color"
      },
      "negative": {
        "value": "{color.reds.light.500}",
        "type": "color"
      },
      "confirmative": {
        "value": "{color.greens.light.500}",
        "type": "color"
      },
      "disabled": {
        "value": "{color.neutrals.light.400}",
        "type": "color"
      }
    },
    "border": {
      "default": {
        "value": "{color.neutrals.light.400}",
        "type": "color"
      },
      "transparent": {
        "value": "{opacity.0}",
        "type": "color"
      },
      "hover": {
        "value": "{color.neutrals.light.900}",
        "type": "color"
      },
      "active": {
        "value": "{color.blues.light.500}",
        "type": "color"
      },
      "negative": {
        "value": "{color.reds.light.500}",
        "type": "color"
      },
      "disabled": {
        "value": "{color.neutrals.light.400}",
        "type": "color"
      }
    },
    "icon": {
      "default": {
        "value": "{color.neutrals.light.900}",
        "type": "color"
      },
      "informative": {
        "value": "{color.blues.light.600}",
        "type": "color"
      },
      "negative": {
        "value": "{color.reds.light.600}",
        "type": "color"
      },
      "confirmative": {
        "value": "{color.greens.light.500}",
        "type": "color"
      },
      "disabled": {
        "value": "{color.neutrals.light.400}",
        "type": "color"
      }
    },
    "form": {
      "background": {
        "value": "{color.background.default}",
        "type": "color"
      },
      "border": {
        "base": {
          "value": "{color.border.default}",
          "type": "color"
        },
        "hover": {
          "value": "{color.border.hover}",
          "type": "color"
        },
        "active": {
          "value": "{color.border.active}",
          "type": "color"
        },
        "disabled": {
          "value": "{color.border.disabled}",
          "type": "color"
        },
        "error": {
          "value": "{color.border.negative}",
          "type": "color"
        }
      },
      "icon": {
        "default": {
          "value": "{color.icon.default}",
          "type": "color"
        },
        "disabled": {
          "value": "{color.icon.disabled}",
          "type": "color"
        },
        "error": {
          "value": "{color.icon.negative}",
          "type": "color"
        },
        "confirmative": {
          "value": "{color.icon.confirmative}",
          "type": "color"
        },
        "informative": {
          "value": "{color.icon.informative}",
          "type": "color"
        }
      },
      "placeholder": {
        "default": {
          "value": "{color.text.subtle}",
          "type": "color"
        },
        "disabled": {
          "value": "{color.text.disabled}",
          "type": "color"
        }
      },
      "input": {
        "default": {
          "value": "{color.text.default}",
          "type": "color"
        },
        "disabled": {
          "value": "{color.text.disabled}",
          "type": "color"
        }
      },
      "helper": {
        "default": {
          "value": "{color.text.subtle}",
          "type": "color"
        },
        "disabled": {
          "value": "{color.text.disabled}",
          "type": "color"
        },
        "error": {
          "value": "{color.text.negative}",
          "type": "color"
        }
      }
    },
    "label": {
      "default": {
        "value": "{color.text.subtle}",
        "type": "color"
      },
      "disabled": {
        "value": "{color.text.disabled}",
        "type": "color"
      }
    },
    "heading": {
      "default": {
        "value": "{color.neutrals.light.900}",
        "type": "color"
      },
      "branded": {
        "value": "{color.neutrals.light.900}",
        "type": "color"
      }
    }
  }
}