{
  "opacity": {
    "0": {
      "value": "rgba(0,0,0,0)",
      "type": "color"
    },
    "10": {
      "value": "rgba(0,0,0,0.1)",
      "type": "color"
    },
    "20": {
      "value": "rgba(0,0,0,0.2)",
      "type": "color"
    },
    "30": {
      "value": "rgba(0,0,0,0.3)",
      "type": "color"
    },
    "40": {
      "value": "rgba(0,0,0,0.4)",
      "type": "color"
    },
    "50": {
      "value": "rgba(0,0,0,0.5)",
      "type": "color"
    },
    "60": {
      "value": "rgba(0,0,0,0.6)",
      "type": "color"
    },
    "70": {
      "value": "rgba(0,0,0,0.7)",
      "type": "color"
    },
    "80": {
      "value": "rgba(0,0,0,0.8)",
      "type": "color"
    },
    "90": {
      "value": "rgba(0,0,0,0.9)",
      "type": "color"
    },
    "100": {
      "value": "#000000",
      "type": "color"
    }
  },
  "color": {
    "neutrals": {
      "light": {
        "50": {
          "value": "#ffffff",
          "type": "color"
        },
        "100": {
          "value": "#fefefe",
          "type": "color"
        },
        "200": {
          "value": "#f9f9f9",
          "type": "color"
        },
        "300": {
          "value": "#e8e8e8",
          "type": "color"
        },
        "400": {
          "value": "#c5c5c5",
          "type": "color"
        },
        "500": {
          "value": "#777777",
          "type": "color"
        },
        "600": {
          "value": "#636363",
          "type": "color"
        },
        "700": {
          "value": "#4c4c4c",
          "type": "color"
        },
        "800": {
          "value": "#343434",
          "type": "color"
        },
        "900": {
          "value": "#1a1a1a",
          "type": "color"
        }
      },
      "dark": {
        "50": {
          "value": "#1a1a1a",
          "type": "color"
        },
        "100": {
          "value": "#343434",
          "type": "color"
        },
        "200": {
          "value": "#4c4c4c",
          "type": "color"
        },
        "300": {
          "value": "#636363",
          "type": "color"
        },
        "400": {
          "value": "#777777",
          "type": "color"
        },
        "500": {
          "value": "#c5c5c5",
          "type": "color"
        },
        "600": {
          "value": "#e8e8e8",
          "type": "color"
        },
        "700": {
          "value": "#f9f9f9",
          "type": "color"
        },
        "800": {
          "value": "#fefefe",
          "type": "color"
        },
        "900": {
          "value": "#ffffff",
          "type": "color"
        }
      }
    },
    "blues": {
      "light": {
        "50": {
          "value": "#f2f5f9",
          "type": "color"
        },
        "100": {
          "value": "#e4ebf2",
          "type": "color"
        },
        "200": {
          "value": "#c6d6e4",
          "type": "color"
        },
        "300": {
          "value": "#a1bed6",
          "type": "color"
        },
        "400": {
          "value": "#72a2c6",
          "type": "color"
        },
        "500": {
          "value": "#0181b5",
          "type": "color"
        },
        "600": {
          "value": "#0173a2",
          "type": "color"
        },
        "700": {
          "value": "#01648c",
          "type": "color"
        },
        "800": {
          "value": "#015272",
          "type": "color"
        },
        "900": {
          "value": "#003a51",
          "type": "color"
        }
      },
      "dark": {
        "50": {
          "value": "#003a51",
          "type": "color"
        },
        "100": {
          "value": "#015272",
          "type": "color"
        },
        "200": {
          "value": "#01648c",
          "type": "color"
        },
        "300": {
          "value": "#0173a2",
          "type": "color"
        },
        "400": {
          "value": "#0181b5",
          "type": "color"
        },
        "500": {
          "value": "#72a2c6",
          "type": "color"
        },
        "600": {
          "value": "#a1bed6",
          "type": "color"
        },
        "700": {
          "value": "#c6d6e4",
          "type": "color"
        },
        "800": {
          "value": "#e4ebf2",
          "type": "color"
        },
        "900": {
          "value": "#f2f5f9",
          "type": "color"
        }
      }
    },
    "reds": {
      "light": {
        "50": {
          "value": "#faf2f2",
          "type": "color"
        },
        "100": {
          "value": "#f5e4e4",
          "type": "color"
        },
        "200": {
          "value": "#eac6c6",
          "type": "color"
        },
        "300": {
          "value": "#dfa2a3",
          "type": "color"
        },
        "400": {
          "value": "#d37475",
          "type": "color"
        },
        "500": {
          "value": "#c7161e",
          "type": "color"
        },
        "600": {
          "value": "#b2141b",
          "type": "color"
        },
        "700": {
          "value": "#9a1117",
          "type": "color"
        },
        "800": {
          "value": "#7e0e13",
          "type": "color"
        },
        "900": {
          "value": "#590a0d",
          "type": "color"
        }
      },
      "dark": {
        "50": {
          "value": "#590a0d",
          "type": "color"
        },
        "100": {
          "value": "#7e0e13",
          "type": "color"
        },
        "200": {
          "value": "#9a1117",
          "type": "color"
        },
        "300": {
          "value": "#b2141b",
          "type": "color"
        },
        "400": {
          "value": "#c7161e",
          "type": "color"
        },
        "500": {
          "value": "#d37475",
          "type": "color"
        },
        "600": {
          "value": "#dfa2a3",
          "type": "color"
        },
        "700": {
          "value": "#eac6c6",
          "type": "color"
        },
        "800": {
          "value": "#f5e4e4",
          "type": "color"
        },
        "900": {
          "value": "#faf2f2",
          "type": "color"
        }
      }
    },
    "yelllows": {
      "light": {
        "50": {
          "value": "#fffbf2",
          "type": "color"
        },
        "100": {
          "value": "#fff7e4",
          "type": "color"
        },
        "200": {
          "value": "#ffeec6",
          "type": "color"
        },
        "300": {
          "value": "#ffe6a1",
          "type": "color"
        },
        "400": {
          "value": "#ffdd72",
          "type": "color"
        },
        "500": {
          "value": "#ffd300",
          "type": "color"
        },
        "600": {
          "value": "#e4bd00",
          "type": "color"
        },
        "700": {
          "value": "#c6a300",
          "type": "color"
        },
        "800": {
          "value": "#a18500",
          "type": "color"
        },
        "900": {
          "value": "#725e00",
          "type": "color"
        }
      },
      "dark": {
        "50": {
          "value": "#725e00",
          "type": "color"
        },
        "100": {
          "value": "#a18500",
          "type": "color"
        },
        "200": {
          "value": "#c6a300",
          "type": "color"
        },
        "300": {
          "value": "#e4bd00",
          "type": "color"
        },
        "400": {
          "value": "#ffd300",
          "type": "color"
        },
        "500": {
          "value": "#ffdd72",
          "type": "color"
        },
        "600": {
          "value": "#ffe6a1",
          "type": "color"
        },
        "700": {
          "value": "#ffeec6",
          "type": "color"
        },
        "800": {
          "value": "#fff7e4",
          "type": "color"
        },
        "900": {
          "value": "#fffbf2",
          "type": "color"
        }
      }
    },
    "greens": {
      "light": {
        "50": {
          "value": "#f2f6f3",
          "type": "color"
        },
        "100": {
          "value": "#e4ede6",
          "type": "color"
        },
        "200": {
          "value": "#c6d8ca",
          "type": "color"
        },
        "300": {
          "value": "#a1c2aa",
          "type": "color"
        },
        "400": {
          "value": "#72a982",
          "type": "color"
        },
        "500": {
          "value": "#007d3e",
          "type": "color"
        },
        "600": {
          "value": "#007536",
          "type": "color"
        },
        "700": {
          "value": "#006c35",
          "type": "color"
        },
        "800": {
          "value": "#00592c",
          "type": "color"
        },
        "900": {
          "value": "#003f1f",
          "type": "color"
        }
      },
      "dark": {
        "50": {
          "value": "#003f1f",
          "type": "color"
        },
        "100": {
          "value": "#00592c",
          "type": "color"
        },
        "200": {
          "value": "#006c35",
          "type": "color"
        },
        "300": {
          "value": "#007536",
          "type": "color"
        },
        "400": {
          "value": "#007d3e",
          "type": "color"
        },
        "500": {
          "value": "#72a982",
          "type": "color"
        },
        "600": {
          "value": "#a1c2aa",
          "type": "color"
        },
        "700": {
          "value": "#a1c2aa",
          "type": "color"
        },
        "800": {
          "value": "#e4ede6",
          "type": "color"
        },
        "900": {
          "value": "#f2f6f3",
          "type": "color"
        }
      }
    }
  },
  "font-family": {
    "default": {
      "value": "Inter",
      "type": "fontFamilies"
    },
    "dyslexic": {
      "value": "OpenDyslexic",
      "type": "fontFamilies"
    }
  },
  "font-weight": {
    "100": {
      "value": "Thin",
      "type": "fontWeights"
    },
    "200": {
      "value": "Extra Light",
      "type": "fontWeights"
    },
    "300": {
      "value": "Light",
      "type": "fontWeights"
    },
    "400": {
      "value": "Regular",
      "type": "fontWeights"
    },
    "500": {
      "value": "Medium",
      "type": "fontWeights"
    },
    "600": {
      "value": "Semi Bold",
      "type": "fontWeights"
    },
    "700": {
      "value": "Bold",
      "type": "fontWeights"
    },
    "800": {
      "value": "Extra Bold",
      "type": "fontWeights"
    },
    "900": {
      "value": "Black",
      "type": "fontWeights"
    }
  },
  "sizing": {
    "0": {
      "value": "0px",
      "type": "sizing"
    },
    "50": {
      "value": "4px",
      "type": "sizing"
    },
    "100": {
      "value": "8px",
      "type": "sizing"
    },
    "150": {
      "value": "12px",
      "type": "sizing"
    },
    "200": {
      "value": "16px",
      "type": "sizing"
    },
    "250": {
      "value": "20px",
      "type": "sizing"
    },
    "300": {
      "value": "24px",
      "type": "sizing"
    },
    "350": {
      "value": "28px",
      "type": "sizing"
    },
    "400": {
      "value": "32px",
      "type": "sizing"
    },
    "450": {
      "value": "36px",
      "type": "sizing"
    },
    "500": {
      "value": "40px",
      "type": "sizing"
    },
    "550": {
      "value": "44px",
      "type": "sizing"
    },
    "600": {
      "value": "48px",
      "type": "sizing"
    },
    "650": {
      "value": "52px",
      "type": "sizing"
    },
    "700": {
      "value": "56px",
      "type": "sizing"
    },
    "750": {
      "value": "60px",
      "type": "sizing"
    },
    "800": {
      "value": "64px",
      "type": "sizing"
    },
    "850": {
      "value": "68px",
      "type": "sizing"
    },
    "900": {
      "value": "72px",
      "type": "sizing"
    }
  },
  "spacing": {
    "0": {
      "value": "0px",
      "type": "spacing"
    },
    "50": {
      "value": "4px",
      "type": "spacing"
    },
    "100": {
      "value": "8px",
      "type": "spacing"
    },
    "150": {
      "value": "12px",
      "type": "spacing"
    },
    "200": {
      "value": "16px",
      "type": "spacing"
    },
    "250": {
      "value": "20px",
      "type": "spacing"
    },
    "300": {
      "value": "24px",
      "type": "spacing"
    },
    "350": {
      "value": "28px",
      "type": "spacing"
    },
    "400": {
      "value": "32px",
      "type": "spacing"
    },
    "450": {
      "value": "36px",
      "type": "spacing"
    },
    "500": {
      "value": "40px",
      "type": "spacing"
    },
    "550": {
      "value": "44px",
      "type": "spacing"
    },
    "600": {
      "value": "48px",
      "type": "spacing"
    },
    "650": {
      "value": "52px",
      "type": "spacing"
    },
    "700": {
      "value": "56px",
      "type": "spacing"
    },
    "750": {
      "value": "60px",
      "type": "spacing"
    },
    "800": {
      "value": "64px",
      "type": "spacing"
    },
    "850": {
      "value": "68px",
      "type": "spacing"
    },
    "900": {
      "value": "72px",
      "type": "spacing"
    }
  },
  "border-radius": {
    "0": {
      "value": "0px",
      "type": "borderRadius"
    },
    "50": {
      "value": "4px",
      "type": "borderRadius"
    },
    "100": {
      "value": "8px",
      "type": "borderRadius"
    },
    "150": {
      "value": "12px",
      "type": "borderRadius"
    },
    "200": {
      "value": "16px",
      "type": "borderRadius"
    },
    "300": {
      "value": "24px",
      "type": "borderRadius"
    },
    "400": {
      "value": "32px",
      "type": "borderRadius"
    },
    "500": {
      "value": "40px",
      "type": "borderRadius"
    },
    "600": {
      "value": "48px",
      "type": "borderRadius"
    },
    "700": {
      "value": "56px",
      "type": "borderRadius"
    },
    "800": {
      "value": "64px",
      "type": "borderRadius"
    },
    "900": {
      "value": "9999px",
      "type": "borderRadius"
    }
  },
  "border-width": {
    "0": {
      "value": "0px",
      "type": "borderWidth"
    },
    "1": {
      "value": "1px",
      "type": "borderWidth"
    },
    "2": {
      "value": "2px",
      "type": "borderWidth"
    },
    "3": {
      "value": "3px",
      "type": "borderWidth"
    },
    "4": {
      "value": "4px",
      "type": "borderWidth"
    },
    "5": {
      "value": "5px",
      "type": "borderWidth"
    },
    "6": {
      "value": "6px",
      "type": "borderWidth"
    },
    "7": {
      "value": "7px",
      "type": "borderWidth"
    },
    "8": {
      "value": "8px",
      "type": "borderWidth"
    },
    "9": {
      "value": "9px",
      "type": "borderWidth"
    },
    "10": {
      "value": "10px",
      "type": "borderWidth"
    }
  },
  "font-size": {
    "50": {
      "value": "10px",
      "type": "fontSizes"
    },
    "75": {
      "value": "13px",
      "type": "fontSizes"
    },
    "100": {
      "value": "16px",
      "type": "fontSizes",
      "description": "The base of typescale 1.25"
    },
    "200": {
      "value": "20px",
      "type": "fontSizes"
    },
    "300": {
      "value": "25px",
      "type": "fontSizes"
    },
    "400": {
      "value": "31px",
      "type": "fontSizes"
    },
    "500": {
      "value": "39px",
      "type": "fontSizes"
    },
    "600": {
      "value": "49px",
      "type": "fontSizes"
    },
    "700": {
      "value": "61px",
      "type": "fontSizes"
    }
  },
  "text-decoration": {
    "none": {
      "value": "none",
      "type": "textDecoration"
    },
    "underline": {
      "value": "underline",
      "type": "textDecoration"
    },
    "strikethrough": {
      "value": "line-through",
      "type": "textDecoration"
    }
  },
  "text-case": {
    "none": {
      "value": "none",
      "type": "textCase"
    },
    "uppercase": {
      "value": "uppercase",
      "type": "textCase"
    },
    "lowercase": {
      "value": "lowercase",
      "type": "textCase"
    },
    "capitalize": {
      "value": "capitalize",
      "type": "textCase"
    }
  },
  "letter-spacing": {
    "xl": {
      "value": "-1.5%",
      "type": "letterSpacing"
    },
    "lg": {
      "value": "-0.5%",
      "type": "letterSpacing"
    },
    "md": {
      "value": "0%",
      "type": "letterSpacing"
    },
    "sm": {
      "value": "0.25%",
      "type": "letterSpacing"
    },
    "xs": {
      "value": "0.5%",
      "type": "letterSpacing"
    }
  },
  "line-height": {
    "100": {
      "value": "100%",
      "type": "lineHeights"
    },
    "110": {
      "value": "110%",
      "type": "lineHeights"
    },
    "120": {
      "value": "120%",
      "type": "lineHeights"
    },
    "130": {
      "value": "130%",
      "type": "lineHeights"
    },
    "140": {
      "value": "140%",
      "type": "lineHeights"
    },
    "150": {
      "value": "150%",
      "type": "lineHeights"
    },
    "160": {
      "value": "160%",
      "type": "lineHeights"
    }
  },
  "paragraph-spacing": {
    "0": {
      "value": "0px",
      "type": "paragraphSpacing"
    },
    "50": {
      "value": "4px",
      "type": "paragraphSpacing"
    },
    "100": {
      "value": "8px",
      "type": "paragraphSpacing"
    },
    "150": {
      "value": "12px",
      "type": "paragraphSpacing"
    },
    "200": {
      "value": "16px",
      "type": "paragraphSpacing"
    },
    "250": {
      "value": "20px",
      "type": "paragraphSpacing"
    },
    "300": {
      "value": "24px",
      "type": "paragraphSpacing"
    },
    "350": {
      "value": "28px",
      "type": "paragraphSpacing"
    },
    "400": {
      "value": "32px",
      "type": "paragraphSpacing"
    }
  },
  "box-shadow": {
    "0": {
      "value": {
        "x": "0",
        "y": "0",
        "blur": "0",
        "spread": "1",
        "color": "rgba(0,0,0,0.15)",
        "type": "dropShadow"
      },
      "type": "boxShadow"
    },
    "10": {
      "value": [
        {
          "x": "0",
          "y": "1",
          "blur": "2",
          "spread": "0",
          "color": "rgba(0,0,0,0.3)",
          "type": "dropShadow"
        },
        {
          "x": "0",
          "y": "1",
          "blur": "3",
          "spread": "1",
          "color": "rgba(0,0,0,0.15)",
          "type": "dropShadow"
        }
      ],
      "type": "boxShadow"
    },
    "20": {
      "value": [
        {
          "x": "0",
          "y": "1",
          "blur": "2",
          "spread": "0",
          "color": "rgba(0,0,0,0.3)",
          "type": "dropShadow"
        },
        {
          "x": "0",
          "y": "2",
          "blur": "6",
          "spread": "2",
          "color": "rgba(0,0,0,0.15)",
          "type": "dropShadow"
        }
      ],
      "type": "boxShadow"
    },
    "30": {
      "value": [
        {
          "x": "0",
          "y": "4",
          "blur": "8",
          "spread": "3",
          "color": "rgba(0,0,0,0.15)",
          "type": "dropShadow"
        },
        {
          "x": "0",
          "y": "1",
          "blur": "3",
          "spread": "0",
          "color": "rgba(0,0,0,0.3)",
          "type": "dropShadow"
        }
      ],
      "type": "boxShadow"
    },
    "40": {
      "value": [
        {
          "x": "0",
          "y": "6",
          "blur": "10",
          "spread": "4",
          "color": "rgba(0,0,0,0.15)",
          "type": "dropShadow"
        },
        {
          "x": "0",
          "y": "2",
          "blur": "3",
          "spread": "0",
          "color": "rgba(0,0,0,0.3)",
          "type": "dropShadow"
        }
      ],
      "type": "boxShadow"
    },
    "50": {
      "value": [
        {
          "x": "0",
          "y": "8",
          "blur": "12",
          "spread": "6",
          "color": "rgba(0,0,0,0.15)",
          "type": "dropShadow"
        },
        {
          "x": "0",
          "y": "4",
          "blur": "4",
          "spread": "0",
          "color": "rgba(0,0,0,0.3)",
          "type": "dropShadow"
        }
      ],
      "type": "boxShadow"
    }
  }
}